<?xml version="1.0" encoding="utf-8"?>
<xml_input>
  <typology1 dist="25" name="Office">
    <dist>50</dist>
    <construction>
      <wall>
        <albedo>0.92</albedo>
        <emissivity>0.9</emissivity>
        <materials name="ASHRAE 90.1-2010 EXTWALL MASS CLIMATEZONE 5">
          <names>
            <item>1IN Stucco</item>
            <item>8IN CONCRETE HW RefBldg</item>
            <item>Mass Wall Insulation R-8.72 IP</item>
            <item>1/2IN Gypsum</item>
          </names>
          <thermalConductivity>
            <item>0.691799999999999</item>
            <item>1.311</item>
            <item>0.049</item>
            <item>0.16</item>
          </thermalConductivity>
          <volumetricHeatCapacity>
            <item>1555146.0</item>
            <item>1874432.0</item>
            <item>221752.0</item>
            <item>651467.000000</item>
          </volumetricHeatCapacity>
          <thickness>[0.0253, 0.20319999999999999, 0.075271041939200006, 0.012699999999999999]</thickness>
        </materials>
        <vegetationCoverage>0</vegetationCoverage>
        <inclination>0.0</inclination>
        <initialTemperature>15.6</initialTemperature>
      </wall>
      <roof>
        <albedo>0.7</albedo>
        <emissivity>0.9</emissivity>
        <materials name="ASHRAE 90.1-2010 EXTROOF IEAD CLIMATEZONE 2-8">
          <names>
            <item>Roof Membrane</item>
            <item>IEAD Roof Insulation R-19.72 IP</item>
            <item>Metal Decking</item>
          </names>
          <thermalConductivity>
            <item>0.16</item>
            <item>0.049</item>
            <item>45.006</item>
          </thermalConductivity>
          <volumetricHeatCapacity>
            <item>1637083.4</item>
            <item>221752.0</item>
            <item>3213312.0</item>
          </volumetricHeatCapacity>
          <thickness>[0.0094999999999999998, 0.17013720650643099, 0.0015]</thickness>
        </materials>
        <vegetationCoverage>0</vegetationCoverage>
        <inclination>1.0</inclination>
        <initialTemperature>15.6</initialTemperature>
      </roof>
      <mass>
        <albedo>0.3</albedo>
        <emissivity>0.9</emissivity>
        <materials name="Interior Floor">
          <names>
            <item>F16 Acoustic tile</item>
            <item>F05 Ceiling air space resistance</item>
            <item>M11 100mm lightweight concrete</item>
          </names>
          <thermalConductivity>
            <item>0.06</item>
            <item>0.53</item>
          </thermalConductivity>
          <volumetricHeatCapacity>
            <item>217120.000000</item>
            <item>1075200.0</item>
          </volumetricHeatCapacity>
          <thickness>[0.019099999999999999, 0.1016]</thickness>
        </materials>
        <vegetationCoverage>0</vegetationCoverage>
        <inclination>1</inclination>
        <initialTemperature>15.6</initialTemperature>
      </mass>
      <glazing name="ASHRAE 90.1-2010 EXTWINDOW METAL CLIMATEZONE 4-6">
        <glazingRatio>0.7</glazingRatio>
        <windowUvalue>3.12304483761</windowUvalue>
        <windowSHGC>0.4</windowSHGC>
      </glazing>
    </construction>
    <building name="OfficeBuilding">
      <floorHeight>3.0</floorHeight>
      <dayInternalGains>16.6907306330</dayInternalGains>
      <nightInternalGains>4.73692433306</nightInternalGains>
      <radiantFraction>0.540530874392</radiantFraction>
      <latentFraction>0.061651734104</latentFraction>
      <infiltration>0.160149750871</infiltration>
      <ventilation>0.417711093299</ventilation>
      <coolingSystemType>air</coolingSystemType>
      <coolingCOP>3.7</coolingCOP>
      <daytimeCoolingSetPoint>24.4167123288</daytimeCoolingSetPoint>
      <nighttimeCoolingSetPoint>26.0243835616</nighttimeCoolingSetPoint>
      <daytimeHeatingSetPoint>20.1665753425</daytimeHeatingSetPoint>
      <nighttimeHeatingSetPoint>16.9512328767</nighttimeHeatingSetPoint>
      <coolingCapacity>205</coolingCapacity>
      <heatingEfficiency>0.8</heatingEfficiency>
      <nightSetStart>20</nightSetStart>
      <nightSetEnd>8</nightSetEnd>
      <heatReleasedToCanyon>0.5</heatReleasedToCanyon>
      <initialT>15.6</initialT>
    </building>
  </typology1>
  <typology2 dist="25" name="Retail">
    <dist>50</dist>
    <construction>
      <wall>
        <albedo>0.92</albedo>
        <emissivity>0.9</emissivity>
        <materials name="ASHRAE 90.1-2010 EXTWALL MASS CLIMATEZONE 5">
          <names>
            <item>1IN Stucco</item>
            <item>8IN CONCRETE HW RefBldg</item>
            <item>Mass Wall Insulation R-8.72 IP</item>
            <item>1/2IN Gypsum</item>
          </names>
          <thermalConductivity>
            <item>0.691799999999999</item>
            <item>1.311</item>
            <item>0.049</item>
            <item>0.16</item>
          </thermalConductivity>
          <volumetricHeatCapacity>
            <item>1555146.0</item>
            <item>1874432.0</item>
            <item>221752.0</item>
            <item>651467.000000</item>
          </volumetricHeatCapacity>
          <thickness>[0.0253, 0.20319999999999999, 0.075271041939200006, 0.012699999999999999]</thickness>
        </materials>
        <vegetationCoverage>0.1</vegetationCoverage>
        <inclination>0.0</inclination>
        <initialTemperature>15.6</initialTemperature>
      </wall>
      <roof>
        <albedo>0.7</albedo>
        <emissivity>0.9</emissivity>
        <materials name="ASHRAE 90.1-2010 EXTROOF IEAD CLIMATEZONE 2-8">
          <names>
            <item>Roof Membrane</item>
            <item>IEAD Roof Insulation R-19.72 IP</item>
            <item>Metal Decking</item>
          </names>
          <thermalConductivity>
            <item>0.16</item>
            <item>0.049</item>
            <item>45.006</item>
          </thermalConductivity>
          <volumetricHeatCapacity>
            <item>1637083.4</item>
            <item>221752.0</item>
            <item>3213312.0</item>
          </volumetricHeatCapacity>
          <thickness>[0.0094999999999999998, 0.17013720650643099, 0.0015]</thickness>
        </materials>
        <vegetationCoverage>0</vegetationCoverage>
        <inclination>1.0</inclination>
        <initialTemperature>15.6</initialTemperature>
      </roof>
      <mass>
        <albedo>0.3</albedo>
        <emissivity>0.9</emissivity>
        <materials name="Interior Floor">
          <names>
            <item>F16 Acoustic tile</item>
            <item>F05 Ceiling air space resistance</item>
            <item>M11 100mm lightweight concrete</item>
          </names>
          <thermalConductivity>
            <item>0.06</item>
            <item>0.53</item>
          </thermalConductivity>
          <volumetricHeatCapacity>
            <item>217120.000000</item>
            <item>1075200.0</item>
          </volumetricHeatCapacity>
          <thickness>[0.019099999999999999, 0.1016]</thickness>
        </materials>
        <vegetationCoverage>0</vegetationCoverage>
        <inclination>1</inclination>
        <initialTemperature>15.6</initialTemperature>
      </mass>
      <glazing name="ASHRAE 90.1-2010 EXTWINDOW METAL CLIMATEZONE 4-6">
        <glazingRatio>0.187621499209</glazingRatio>
        <windowUvalue>3.12304483761</windowUvalue>
        <windowSHGC>0.4</windowSHGC>
      </glazing>
    </construction>
    <building name="RetailBuilding">
      <floorHeight>5.0</floorHeight>
      <dayInternalGains>16.6907306330</dayInternalGains>
      <nightInternalGains>4.73692433306</nightInternalGains>
      <radiantFraction>0.540530874392</radiantFraction>
      <latentFraction>0.061651734104</latentFraction>
      <infiltration>0.0960898505224</infiltration>
      <ventilation>0.250626655979</ventilation>
      <coolingSystemType>air</coolingSystemType>
      <coolingCOP>3.7</coolingCOP>
      <daytimeCoolingSetPoint>24.4167123288</daytimeCoolingSetPoint>
      <nighttimeCoolingSetPoint>26.0243835616</nighttimeCoolingSetPoint>
      <daytimeHeatingSetPoint>20.1665753425</daytimeHeatingSetPoint>
      <nighttimeHeatingSetPoint>16.9512328767</nighttimeHeatingSetPoint>
      <coolingCapacity>205</coolingCapacity>
      <heatingEfficiency>0.8</heatingEfficiency>
      <nightSetStart>20</nightSetStart>
      <nightSetEnd>8</nightSetEnd>
      <heatReleasedToCanyon>0.5</heatReleasedToCanyon>
      <initialT>15.6</initialT>
    </building>
  </typology2>
  <typology3 dist="25" name="blankTypology3">
    <dist>25</dist>
    <construction>
      <wall>
        <albedo>0.52</albedo>
        <emissivity>0.5</emissivity>
        <materials>
          <names>
            <item>Wood Siding</item>
          </names>
          <thermalConductivity>
            <item>0.11</item>
          </thermalConductivity>
          <volumetricHeatCapacity>
            <item>658990</item>
          </volumetricHeatCapacity>
          <thickness>[0.2]</thickness>
        </materials>
        <vegetationCoverage>0</vegetationCoverage>
        <inclination>0</inclination>
        <initialTemperature>20</initialTemperature>
      </wall>
      <roof>
        <albedo>0.1</albedo>
        <emissivity>0</emissivity>
        <materials name="Boston R Roof">
          <names>
            <item>Roof Membrane</item>
            <item>Insulation</item>
            <item>Metal Decking</item>
          </names>
          <thermalConductivity>
            <item>0.16</item>
            <item>0.5</item>
            <item>45.01</item>
          </thermalConductivity>
          <volumetricHeatCapacity>
            <item>1637083</item>
            <item>221752</item>
            <item>3213312</item>
          </volumetricHeatCapacity>
          <thickness>[0.01,0.1273,0.0015]</thickness>
        </materials>
        <vegetationCoverage>0.2</vegetationCoverage>
        <inclination>1</inclination>
        <initialTemperature>20</initialTemperature>
      </roof>
      <mass>
        <albedo>0.5</albedo>
        <emissivity>0.5</emissivity>
        <materials name="Boston R IM">
          <names>
            <item>Concrete HW</item>
          </names>
          <thermalConductivity>
            <item>1.31</item>
          </thermalConductivity>
          <volumetricHeatCapacity>
            <item>1874432</item>
          </volumetricHeatCapacity>
          <thickness>[0.1]</thickness>
        </materials>
        <vegetationCoverage>0</vegetationCoverage>
        <inclination>1</inclination>
        <initialTemperature>20</initialTemperature>
      </mass>
      <glazing name="Boston R">
        <glazingRatio>0.15</glazingRatio>
        <windowUvalue>3.8</windowUvalue>
        <windowSHGC>0.39</windowSHGC>
      </glazing>
    </construction>
    <building name="BOS Commericial">
      <floorHeight>3</floorHeight>
      <dayInternalGains>24.7145454545455</dayInternalGains>
      <nightInternalGains>5.58725274725274</nightInternalGains>
      <radiantFraction>0.5</radiantFraction>
      <latentFraction>0.09</latentFraction>
      <infiltration>0.176785714285714</infiltration>
      <ventilation>1</ventilation>
      <coolingSystemType>air</coolingSystemType>
      <coolingCOP>3.7</coolingCOP>
      <daytimeCoolingSetPoint>25</daytimeCoolingSetPoint>
      <nighttimeCoolingSetPoint>26</nighttimeCoolingSetPoint>
      <daytimeHeatingSetPoint>20</daytimeHeatingSetPoint>
      <nighttimeHeatingSetPoint>17</nighttimeHeatingSetPoint>
      <coolingCapacity>205</coolingCapacity>
      <heatingEfficiency>0.8</heatingEfficiency>
      <nightSetStart>19</nightSetStart>
      <nightSetEnd>5</nightSetEnd>
      <heatReleasedToCanyon>0</heatReleasedToCanyon>
      <initialT>20</initialT>
    </building>
  </typology3>
  <typology4 dist="25" name="commercial4">
    <dist>25</dist>
    <construction>
      <wall>
        <albedo>0.5</albedo>
        <emissivity>0.5</emissivity>
        <materials name="Boston C Wall">
          <names>
            <item>Stucco</item>
            <item>Stucco</item>
          </names>
          <thermalConductivity>
            <item>0.69</item>
            <item>0.69</item>
          </thermalConductivity>
          <volumetricHeatCapacity>
            <item>1555146</item>
            <item>1555146</item>
          </volumetricHeatCapacity>
          <thickness>[0.03, 0.03]</thickness>
        </materials>
        <vegetationCoverage>0</vegetationCoverage>
        <inclination>0</inclination>
        <initialTemperature>20</initialTemperature>
      </wall>
      <roof>
        <albedo>2</albedo>
        <emissivity>0.2</emissivity>
        <materials name="Boston C Roof">
          <names>
            <item>Roof Membrane</item>
            <item>Roof Membrane</item>
            <item>Stucco</item>
          </names>
          <thermalConductivity>
            <item>0.16</item>
            <item>0.16</item>
            <item>0.16</item>
          </thermalConductivity>
          <volumetricHeatCapacity>
            <item>1637083</item>
            <item>1637083</item>
            <item>1637083</item>
          </volumetricHeatCapacity>
           <thickness>[0.01,0.1273,0.0015]</thickness>
         </materials>
        <vegetationCoverage>0</vegetationCoverage>
        <inclination>1</inclination>
        <initialTemperature>20</initialTemperature>
      </roof>
      <mass>
        <albedo>0.5</albedo>
        <emissivity>0.5</emissivity>
        <materials name="Boston C IM">
          <names>
            <item>Concrete HW</item>
          </names>
          <thermalConductivity>
            <item>1.31</item>
          </thermalConductivity>
          <volumetricHeatCapacity>
            <item>1874432</item>
          </volumetricHeatCapacity>
          <thickness>[0.1]</thickness>
        </materials>
        <vegetationCoverage>0</vegetationCoverage>
        <inclination>1</inclination>
        <initialTemperature>20</initialTemperature>
      </mass>
      <glazing name="Boston C">
        <glazingRatio>0.212</glazingRatio>
        <windowUvalue>3.24</windowUvalue>
        <windowSHGC>0.39</windowSHGC>
      </glazing>
    </construction>
    <building name="BOS Commercial4Bldg">
      <floorHeight>3</floorHeight>
      <dayInternalGains>24.7145454545455</dayInternalGains>
      <nightInternalGains>5.58725274725274</nightInternalGains>
      <radiantFraction>0.5</radiantFraction>
      <latentFraction>0.09</latentFraction>
      <infiltration>0.176785714285714</infiltration>
      <ventilation>1</ventilation>
      <coolingSystemType>air</coolingSystemType>
      <coolingCOP>3.7</coolingCOP>
      <daytimeCoolingSetPoint>25</daytimeCoolingSetPoint>
      <nighttimeCoolingSetPoint>26</nighttimeCoolingSetPoint>
      <daytimeHeatingSetPoint>20</daytimeHeatingSetPoint>
      <nighttimeHeatingSetPoint>17</nighttimeHeatingSetPoint>
      <coolingCapacity>205</coolingCapacity>
      <heatingEfficiency>0.8</heatingEfficiency>
      <nightSetStart>19</nightSetStart>
      <nightSetEnd>5</nightSetEnd>
      <heatReleasedToCanyon>0</heatReleasedToCanyon>
      <initialT>20</initialT>
    </building>
  </typology4>
  <urbanArea>
    <averageBuildingHeight>40.1365732416</averageBuildingHeight>
    <siteCoverageRatio>0.484291048035</siteCoverageRatio>
    <facadeToSiteRatio>1.78948398668</facadeToSiteRatio>
    <treeCoverage>0.09796179212</treeCoverage>
    <nonBldgSensibleHeat>7</nonBldgSensibleHeat>
    <nonBldgLatentAnthropogenicHeat>0</nonBldgLatentAnthropogenicHeat>
    <charLength>349.230005267</charLength>
    <treeLatent>0.7</treeLatent>
    <grassLatent>0.6</grassLatent>
    <vegAlbedo>0.25</vegAlbedo>
    <vegStart>1</vegStart>
    <vegEnd>12</vegEnd>
    <daytimeBLHeight>700</daytimeBLHeight>
    <nighttimeBLHeight>80</nighttimeBLHeight>
    <refHeight>150</refHeight>
    <urbanRoad>
      <albedo>0.165</albedo>
      <emissivity>0.95</emissivity>
      <materials name="Default">
        <names>
          <item>asphalt</item>
        </names>
        <thermalConductivity>
          <item>1</item>
        </thermalConductivity>
        <volumetricHeatCapacity>
          <item>1600000</item>
        </volumetricHeatCapacity>
        <thickness>1.25</thickness>
      </materials>
      <vegetationCoverage>0.0681100075034</vegetationCoverage>
      <inclination>1</inclination>
      <initialTemperature>1.7</initialTemperature>
    </urbanRoad>
  </urbanArea>
  <referenceSite>
    <latitude>42.37</latitude>
    <longitude>-71.02</longitude>
    <averageObstacleHeight>0.1</averageObstacleHeight>
    <ruralRoad>
        <albedo>0.165</albedo>
        <emissivity>0.95</emissivity>
        <materials name="Default">
          <names>
            <item>asphalt</item>
          </names>
          <thermalConductivity>
            <item>1</item>
          </thermalConductivity>
          <volumetricHeatCapacity>
            <item>1600000</item>
          </volumetricHeatCapacity>
          <thickness>1.25</thickness>
        </materials>
        <vegetationCoverage>0.5</vegetationCoverage>
        <inclination>1</inclination>
        <initialTemperature>1.7</initialTemperature>
      </ruralRoad>
  </referenceSite>
  <parameter>
    <tempHeight>10</tempHeight>
    <windHeight>10</windHeight>
    <circCoeff>1.2</circCoeff>
    <dayThreshold>200</dayThreshold>
    <nightThreshold>50</nightThreshold>
    <windMin>0.1</windMin>
    <windMax>10</windMax>
    <wgmax>0.005</wgmax>
    <exCoeff>0.3</exCoeff>
    <simuStartMonth>1</simuStartMonth>
    <simuStartDay>1</simuStartDay>
    <simuDuration>7</simuDuration>
  </parameter>
</xml_input>